name,email,year_of_study,department,birthday,gender,height,location_type,bio,interests,prompt_1,prompt_1_response,prompt_2,prompt_2_response,looking_for,year_preference,department_preference,gender_preference,lifestyle_tags
Dev,dev.0@campus.edu,5,MECH,18-02-2006,Male,180,Day Scholar,Amateur photographer capturing life one awkward moment at a time.,Poetry;Dance;Sports,A random fact about me,is that I like cats,Something I am learning to unlearn is,my old dance habits,People who enjoy growth and honesty.,4;5,ECE;CSE,Female,Spontaneous;Coffee Lover;Planner
Aditya,aditya.1@campus.edu,1,CSE,20-04-2003,Female,186,Hostel,I’m a tea enthusiast with a minor obsession for sunsets.,Poetry;Astronomy;Coding;Photography;Art,Lately I've been thinking about,wanting to find you,Something I am learning to unlearn is,how I keep looking up to see stars,People who enjoy growth and honesty.,1;2,ECE;CSE;MECH;CIVIL,Female,Spontaneous;Maximalist;Meditative;Extrovert
Aditya,aditya.2@campus.edu,5,CSE,26-07-2005,Male,155,Hostel,Can quote Friends and The Office at will.,Anime;History;Finance,My ideal weekend looks like,"a pizza, my pillow and an AC",One thing I will always make time for is,Gojo,Someone thoughtful and emotionally mature.,2;5;4,ECE;CHEM,Male;Female,Tea Lover;Spontaneous
Nisha,nisha.3@campus.edu,4,EEE,10-01-2003,Female,186,Day Scholar,Always chasing the next laugh and the next adventure.,Coding;Travel;Astronomy;Movies;History,The one topic I never get bored of is,you,I instantly admire people who,can handle an ML model without breaking down,A genuine connection without expectations.,2;3,CSE;BME,Female,Night Owl;Early Bird
Aarav,aarav.4@campus.edu,3,ECE,08-12-1999,Male,174,Day Scholar,My life goal: pet every dog in existence.,Photography;Movies;Sports;Fashion;Astronomy,Something I value deeply is,"real, meaningful connections in all my relationships",A green flag for me is,when people watch the movies I recommend,Someone comfortable being themselves.,3;4;1;5,MECH;CSE,Female,Gym Regular;Spontaneous;Extrovert
Ira,ira.5@campus.edu,5,IT,27-02-2005,Male,174,Day Scholar,Board game lover seeking co-competitor.,Sports;Art;Psychology,Lately I've been thinking about,Max Verstappen,I feel most myself when,I'm at the pool,People who enjoy growth and honesty.,3;4,CIVIL;EEE;IT;CSE,Female,Spontaneous;Coffee Lover
Rohan,rohan.6@campus.edu,5,CIVIL,04-06-2003,Female,156,Day Scholar,"I make playlists for every mood, even bad ones.",Music;Theatre;Reading,My ideal weekend looks like,books and peace,A green flag for me is,when people listen to songs I recommend,People who enjoy growth and honesty.,5;3,IT;MECH;IT;CIVIL,Female;Male,Planner;Night Owl;Spontaneous
Pooja,pooja.7@campus.edu,2,IT,17-06-1999,Female,188,Hostel,"Bad at math, great at making pancakes.",Art;Sports;Volunteering;Psychology,A random fact about me is,I'm 6'10,I feel most myself when,I'm reading about Freud,A genuine connection without expectations.,3;2,MECH;EEE;CIVIL;BME,Female,Extrovert;Tea Lover;Night Owl
Pooja,pooja.8@campus.edu,2,CSE,27-09-2005,Male,179,Hostel,I get excited about random holidays and weird snacks.,Dance;Gaming;Anime;Music,Something I value deeply is,"trust, commitment and love",A green flag for me is,when people dance with me,Mutual curiosity and respect.,2;3,BME,Female,Planner;Coffee Lover;Extrovert
Siddharth,siddharth.9@campus.edu,1,MECH,31-10-2000,Male,174,Hostel,"Aspiring minimalist, currently surrounded by clutter.",Debate;Coding;Yoga;Poetry,A random fact about me is,I have a great beard,A green flag for me is,when someone joins me in bulllying someone,Someone thoughtful and emotionally mature.,5;2;3;4,EEE,Male;Female,Minimalist;Tea Lover;Early Bird
Rahul,rahul.10@campus.edu,5,CSE,01-09-1999,Female,187,Hostel,"Can’t whistle, but I’ll hum a tune for you.",Travel;Cooking;Dance;Debate,My ideal weekend looks like,beating biryani in bed,One thing I will always make time for is,listening to my friends,Someone comfortable being themselves.,2;5;3,BME;MECH;CIVIL;IT,Female,Planner;Early Bird
Vihaan,vihaan.11@campus.edu,1,BME,24-02-1999,Male,192,Day Scholar,My hobbies include napping and pretending to be productive.,Photography;History;Movies,Something I value deeply is,hangout with friends,Something I am learning to unlearn is,feeling guilty for resting,Someone thoughtful and emotionally mature.,2;5;4,MECH;CSE;CHEM;BME,Female,Maximalist;Night Owl
Maya,maya.12@campus.edu,1,CSE,07-04-2003,Male,180,Day Scholar,Will challenge you in Scrabble and humble brag about winning.,Cooking;Theatre;Fashion;History;Reading;Psychology,Lately I've been thinking about,death,I instantly admire people who,are kind without trying,Someone comfortable being themselves.,3;5;1;4,ECE;CSE;CIVIL,Male,Minimalist;Early Bird;Spontaneous;Night Owl
Sanya,sanya.13@campus.edu,1,IT,01-01-2005,Male,160,Day Scholar,Adventure seeker stuck in a bookworm’s body.,Volunteering;Coding;Movies,The one topic I never get bored of is,constitution,I feel most myself when,I'm binge watching something terrible,Someone comfortable being themselves.,5;1;2,MECH;CSE,Female,Coffee Lover;Gym Regular;Night Owl;Minimalist
Arjun,arjun.14@campus.edu,3,IT,26-06-2005,Male,185,Hostel,I have a habit of laughing at inappropriate times.,Yoga;Debate;Coding;Reading;Theatre;Cooking,Something I value deeply is,open-minded people,I instantly admire people who,are self-aware,Someone thoughtful and emotionally mature.,5;3;4,ECE;IT;CIVIL,Female,Introvert;Gym Regular;Early Bird
Aditya,aditya.15@campus.edu,5,CIVIL,24-01-1999,Male,176,Day Scholar,Looking for someone to make spontaneous road trips with.,Theatre;Psychology;Photography;Gym,Something I value deeply is,friends who want me to find a relationship,I feel most myself when,I'm eating snacks I probably shouldn't,Mutual curiosity and respect.,1,IT;BME;ECE;CSE,Male,Spontaneous;Coffee Lover;Meditative;Night Owl
Aarav,aarav.16@campus.edu,5,MECH,29-07-2006,Male,152,Hostel,"Music festival enthusiast, couch philosopher.",Movies;Travel;Coding;Anime;Music;Yoga,A random fact about me is,I like baking,Something I am learning to unlearn is,overthinking everything,Someone thoughtful and emotionally mature.,5,ECE;IT,Female;Male,Introvert;Tea Lover
Aditya,aditya.17@campus.edu,1,IT,27-09-2005,Male,166,Hostel,"Lowkey hopeless romantic, highkey snack lover.",Theatre;Dance;Reading,Lately I've been thinking about,how college is very very different,A green flag for me is,good playlists,Mutual curiosity and respect.,5;3;4,MECH;ECE;CSE,Male;Female,Planner;Spontaneous;Early Bird;Night Owl
Varun,varun.18@campus.edu,2,CSE,30-09-2000,Male,195,Day Scholar,Can survive on chocolate and sarcasm.,Yoga;Psychology;History;Anime;Photography,Lately I've been thinking about,you,One thing I will always make time for is,the people I care about,Someone thoughtful and emotionally mature.,2,BME;MECH;IT,Male;Female,Planner;Coffee Lover
Riya,riya.19@campus.edu,4,IT,03-06-2004,Male,170,Hostel,I judge movies by how many times I cry watching them.,Finance;Yoga;Dance;Theatre,A random fact about me is,"I love math, and I will die for it",One thing I will always make time for is,a good meal,People who enjoy growth and honesty.,1;2,CIVIL;MECH;CSE,Female,Minimalist;Introvert;Extrovert
Sneha,sneha.20@campus.edu,4,ECE,22-11-2003,Male,152,Day Scholar,"Slightly awkward, entirely genuine.",Dance;Cooking;Gaming;Sports;Psychology;Movies,Something I value deeply is,people who like listening to my singing,I feel most myself when,dancing in my room like nobody's watching,A genuine connection without expectations.,4;3;5,CSE;IT,Female,Meditative;Night Owl;Gym Regular
Aarav,aarav.21@campus.edu,2,CSE,06-12-2005,Female,181,Hostel,Beach person who secretly loves snow.,Travel;Yoga;Poetry;Cooking;Startups,Something I value deeply is,people who sing for me,I instantly admire people who,communicate clearly,People who enjoy growth and honesty.,2;4;1;5,CSE;MECH;ECE,Male;Female,Extrovert;Minimalist;Night Owl
Ishaan,ishaan.22@campus.edu,1,IT,21-10-2005,Male,148,Hostel,I talk to plants and sometimes they talk back.,Music;Startups;Debate;History;Fashion,My ideal weekend looks like,a day with you,One thing I will always make time for is,laughing,Someone thoughtful and emotionally mature.,4;1,ECE;BME,Female;Male,Extrovert;Maximalist;Coffee Lover;Tea Lover
Karthik,karthik.23@campus.edu,2,CSE,03-01-1999,Male,174,Day Scholar,"Aspiring cook, professional taste tester.",History;Theatre;Startups;Debate;Gym,Something I value deeply is,staying in bed,I instantly admire people who,treat everyone with respect,Someone thoughtful and emotionally mature.,5,CSE;MECH;ECE;IT,Male;Female,Maximalist;Night Owl;Coffee Lover
Zara,zara.24@campus.edu,5,EEE,28-09-2006,Female,177,Day Scholar,Fluent in memes and existential thoughts.,Dance;Gaming;Reading;Astronomy,Lately I've been thinking about,watching a new Kdrama,I instantly admire people who,are curious about others,Mutual curiosity and respect.,1;4;3,CSE;CHEM,Male;Female,Spontaneous;Meditative;Gym Regular;Minimalist
Maya,maya.25@campus.edu,5,ECE,12-07-2006,Female,183,Hostel,Can’t dance but will teach you anyway.,Movies;Art;Gym;Gaming,The one topic I never get bored of is,work,I instantly admire people who,take accountability,Someone thoughtful and emotionally mature.,1,BME;CIVIL;CSE;ECE,Male;Female,Introvert;Night Owl;Tea Lover;Early Bird
Arjun,arjun.26@campus.edu,5,BME,15-04-2006,Female,148,Day Scholar,"My cat thinks I’m cool, that’s good enough.",Dance;Sports;Psychology,The one topic I never get bored of is,listening to people talk about work,Something I am learning to unlearn is,saying yes when I mean no,A genuine connection without expectations.,4;3;5,IT,Male;Female,Coffee Lover;Early Bird;Minimalist
Ira,ira.27@campus.edu,1,ECE,10-05-1999,Male,175,Day Scholar,Midnight snacker and sunrise chaser.,Dance;Gym;Cooking;Movies;Photography;Gaming,The one topic I never get bored of is,making my friends sad,I feel most myself when,laughing at memes for longer than I should,People who enjoy growth and honesty.,4;5,CHEM;MECH;ECE;IT,Male;Female,Maximalist;Minimalist;Coffee Lover
Nisha,nisha.28@campus.edu,1,CSE,31-03-2001,Male,154,Hostel,Looking for a partner in bad decisions and good pizza.,Astronomy;Music;Psychology;History,Lately I've been thinking about,food,A green flag for me is,laughing at dumb jokes,People who enjoy growth and honesty.,2;3,EEE,Female,Planner;Gym Regular
Ira,ira.29@campus.edu,2,ECE,24-04-2006,Male,151,Day Scholar,I get way too invested in TV shows.,Travel;Sports;Gym;Reading,Lately I've been thinking about,going to Italy,Something I am learning to unlearn is,apologizing too much,Someone thoughtful and emotionally mature.,5;2;4,CHEM,Female,Extrovert;Gym Regular;Meditative
Isha,isha.30@campus.edu,3,CIVIL,08-07-2005,Female,153,Day Scholar,Collector of quirky socks and awkward moments.,Yoga;Dance;Reading;Art,A random fact about me is,I can move my ears,A green flag for me is,"texting ""made it home""",Someone thoughtful and emotionally mature.,3,BME,Male,Extrovert;Minimalist;Night Owl
Diya,diya.31@campus.edu,1,IT,03-10-2004,Male,150,Hostel,I like my coffee strong and my weekends lazy.,History;Debate;Anime,Lately I've been thinking about,talking to more people,I instantly admire people who,stay true to themselves,Someone thoughtful and emotionally mature.,4;3;1;2,MECH;CSE,Female,Planner;Tea Lover
Aarav,aarav.32@campus.edu,2,CSE,16-12-2005,Female,159,Hostel,Can make small talk disappear with one joke.,Movies;Dance;History,Something I value deeply is,my family,I feel most myself when,walking aimlessly with headphones on,A genuine connection without expectations.,4;5;3;2,BME;EEE,Female,Coffee Lover;Tea Lover;Spontaneous;Night Owl
Dev,dev.33@campus.edu,2,CHEM,25-04-2001,Female,154,Day Scholar,"Dreaming of traveling the world, starting with my backyard.",Photography;Movies;Astronomy;Gaming;Volunteering,Lately I've been thinking about,finding you ;),Something I am learning to unlearn is,tying my worth to productivity,Mutual curiosity and respect.,4;5;1;3,ECE;CHEM,Female;Male,Meditative;Early Bird;Spontaneous
Ananya,ananya.34@campus.edu,1,CHEM,20-09-2003,Female,180,Hostel,I pet dogs in public and strangers’ cats too.,Gaming;Reading;Yoga,My ideal weekend looks like,bedrotting and bingwatching,A green flag for me is,bringing snacks,Someone comfortable being themselves.,2;3;5;4,EEE;IT;CHEM;BME,Female,Minimalist;Night Owl
Riya,riya.35@campus.edu,5,EEE,18-03-2000,Female,157,Hostel,"Slightly clumsy, very passionate about life.",Sports;Yoga;Music,Something I value deeply is,eating out with people,One thing I will always make time for is,rest,A genuine connection without expectations.,5;1,IT;CHEM;IT;CSE,Female,Spontaneous;Night Owl;Meditative;Extrovert
Neil,neil.36@campus.edu,2,EEE,05-09-1999,Male,178,Hostel,Will trade bad jokes for good conversation.,Volunteering;Sports;Psychology,A random fact about me is,I can eat dosas all day long,I feel most myself when,singing (badly) in the shower,A genuine connection without expectations.,3;1;4,BME;CIVIL,Male;Female,Coffee Lover;Night Owl
Kavya,kavya.37@campus.edu,4,CIVIL,17-07-1999,Male,185,Hostel,I overthink everything but make it sound fun.,Fashion;Dance;Sports,Something I value deeply is,keeping the environment clean,I instantly admire people who,are emotionally intelligent,People who enjoy growth and honesty.,5;2;3,EEE,Female,Night Owl;Spontaneous;Gym Regular;Extrovert
Pooja,pooja.38@campus.edu,5,CIVIL,06-10-2003,Male,157,Day Scholar,"Amateur baker, professional taste tester.",Gym;Music;Yoga;Startups;Poetry;Coding,My ideal weekend looks like,going to the gym,I feel most myself when,ordering food I don't need,Someone thoughtful and emotionally mature.,1,ECE;CHEM;EEE;BME,Male,Coffee Lover;Early Bird;Night Owl
Tanvi,tanvi.39@campus.edu,2,EEE,15-04-2001,Male,159,Hostel,"Beach hair, don’t care.",Gaming;Yoga;Reading,Lately I've been thinking about,finding a person to play Valorant with,One thing I will always make time for is,long conversations,A genuine connection without expectations.,2,CIVIL;CSE,Male;Female,Gym Regular;Extrovert
Vihaan,vihaan.40@campus.edu,4,EEE,08-10-2003,Female,155,Day Scholar,I’ll swipe right if you love spontaneous road trips.,Sports;Art;Psychology,The one topic I never get bored of is,Freud and his many antics,A green flag for me is,remembering my coffee order,A genuine connection without expectations.,5,IT;CIVIL;IT,Female,Tea Lover;Extrovert;Gym Regular
Meera,meera.41@campus.edu,5,ECE,25-10-2003,Male,179,Hostel,Aspiring astronaut of my own imagination.,Gym;Anime;Debate,Something I value deeply is,people who can hold conversations with me,A green flag for me is,when people don't judge my anime tastes,Someone comfortable being themselves.,5;1;2;4,CSE;CHEM;CIVIL,Female,Coffee Lover;Minimalist;Spontaneous;Extrovert
Diya,diya.42@campus.edu,5,MECH,15-07-2006,Male,188,Day Scholar,I read too much and talk too fast.,Startups;Gym;Astronomy,The one topic I never get bored of is,anything tech related,I feel most myself when,I'm listening to my playlist at the gym,People who enjoy growth and honesty.,2;4;5;1,CHEM,Female;Male,Early Bird;Spontaneous
Karthik,karthik.43@campus.edu,3,ECE,20-04-1999,Male,181,Hostel,Breakfast enthusiast and late-night philosopher.,Poetry;Coding;Gym;Sports,Lately I've been thinking about,Robert Frost and his perfect poems,Something I am learning to unlearn is,Python (Java ftw),People who enjoy growth and honesty.,3;4,MECH;ECE;IT;EEE,Female,Night Owl;Gym Regular;Tea Lover
Dev,dev.44@campus.edu,3,CSE,15-12-2000,Male,183,Day Scholar,My playlist is moodier than my coffee.,Anime;Sports;Poetry,The one topic I never get bored of is,music - all genres,I feel most myself when,talking to pets like they understand me,Someone thoughtful and emotionally mature.,5;1;2,CHEM,Female,Extrovert;Spontaneous;Coffee Lover
Kabir,kabir.45@campus.edu,4,BME,30-09-1999,Female,149,Day Scholar,"I can’t cook, but I make a mean toast.",Movies;Sports;Astronomy;Dance;Debate;Travel,A random fact about me is,"I can fall asleep, anywhere, anytime",Something I am learning to unlearn is,being people-pleasing,Someone thoughtful and emotionally mature.,4;1;5,IT;CSE;ECE,Female;Male,Minimalist;Gym Regular
Isha,isha.46@campus.edu,3,CIVIL,13-07-2003,Female,169,Day Scholar,Collector of small joys and big laughs.,Theatre;Volunteering;Debate;Poetry;Fashion;Travel,The one topic I never get bored of is,travel stories,I feel most myself when,,Mutual curiosity and respect.,3,MECH;EEE;ECE;CHEM,Male;Female,Early Bird;Night Owl;Tea Lover;Maximalist
Karthik,karthik.47@campus.edu,5,ECE,21-06-2003,Female,194,Day Scholar,"Will make you playlists, judge your playlist, and make more playlists.",Movies;Fashion;Finance;Startups,Lately I've been thinking about,traveling more,I instantly admire people who,wearing pajamas past noon,Mutual curiosity and respect.,2,MECH,Male;Female,Meditative;Introvert;Gym Regular;Coffee Lover
Ishaan,ishaan.48@campus.edu,4,EEE,19-04-2006,Male,169,Day Scholar,"I’ve been known to cry at ads, ask me how.",Anime;Travel;Debate;Reading,A random fact about me is,I've never had coffee and I don't plan to start,A green flag for me is,saying what they mean,Someone comfortable being themselves.,2;5;4,CSE,Male;Female,Maximalist;Introvert
Ishaan,ishaan.49@campus.edu,2,CSE,20-05-2006,Female,176,Hostel,"Slightly chaotic, highly caffeinated.",Coding;Psychology;Debate;Yoga;Volunteering;Dance,My ideal weekend looks like,exploring a new place in the city,Something I am learning to unlearn is,expecting perfection,Someone thoughtful and emotionally mature.,4,CIVIL;IT;MECH,Female,Early Bird;Spontaneous;Minimalist;Planner
Rahul,rahul.50@campus.edu,4,EEE,09-09-2005,Male,154,Hostel,I pet every dog I see and take pictures.,Sports;Gym;Finance;Gaming;Travel,Lately I've been thinking about,being more present,I feel most myself when,procrastinating creatively,A genuine connection without expectations.,3;4;1;2,MECH;EEE;ECE,Female;Male,Minimalist;Night Owl
Aarav,aarav.51@campus.edu,3,ECE,12-10-2001,Female,166,Day Scholar,I enjoy long walks to the fridge.,Debate;Dance;Gaming,Lately I've been thinking about,trying something new,Something I am learning to unlearn is,ignoring my intuition,A genuine connection without expectations.,2,CSE;CHEM;EEE;IT,Male,Tea Lover;Planner;Minimalist
Aditi,aditi.52@campus.edu,2,IT,06-01-2005,Male,148,Hostel,Will challenge you to a pun duel.,Coding;Startups;Travel,Something I value deeply is,showing up for people I care about,One thing I will always make time for is,checking in on friends,People who enjoy growth and honesty.,3;1,ECE;MECH;CSE;BME,Female,Introvert;Meditative
Yash,yash.53@campus.edu,1,CSE,31-01-1999,Female,193,Hostel,"Obsessed with sunsets, not mornings.",Music;Travel;Reading;Psychology;History,A random fact about me is,I'm weirdly good at trivia nights,I feel most myself when,pretending to know what I'm doing,Someone comfortable being themselves.,4,ECE;IT;MECH,Male;Female,Tea Lover;Minimalist;Gym Regular
Tanvi,tanvi.54@campus.edu,1,EEE,05-06-2004,Male,162,Hostel,"Professional shower singer, amateur life hacker.",Debate;Startups;Theatre,A random fact about me is,I cry at movie trailers sometimes,Something I am learning to unlearn is,comparing my pace to others,People who enjoy growth and honesty.,2;4,IT;BME;ECE,Male,Gym Regular;Planner;Coffee Lover;Introvert
Vihaan,vihaan.55@campus.edu,2,EEE,05-07-2000,Male,149,Day Scholar,I’ll make tacos and laugh at my own jokes.,Astronomy;Theatre;Sports;Music;Gaming,A random fact about me is,I collect random screenshots instead of photos,I instantly admire people who,listen more than they talk,Someone thoughtful and emotionally mature.,5;2;4;1,CHEM;CSE,Female,Minimalist;Meditative;Spontaneous;Tea Lover
Isha,isha.56@campus.edu,2,CSE,21-11-1999,Male,177,Hostel,"Dog lover, plant enthusiast, snack fiend.",Dance;Psychology;Astronomy;Debate;Music,The one topic I never get bored of is,food and trying new restaurants,A green flag for me is,not playing games,A genuine connection without expectations.,1;3,CSE;IT;CSE,Female;Male,Gym Regular;Planner;Coffee Lover
Aarav,aarav.57@campus.edu,3,CSE,03-07-2000,Male,166,Day Scholar,I have a PhD in procrastination.,Music;Art;Poetry;Movies;Startups,My ideal weekend looks like,a spontaneous road trip,A green flag for me is,being chill but caring,Mutual curiosity and respect.,4,CSE;EEE;CIVIL,Female,Night Owl;Tea Lover;Maximalist
Zara,zara.58@campus.edu,2,BME,15-02-2006,Female,159,Hostel,"Always cold, forever sarcastic.",Gaming;Astronomy;Poetry,My ideal weekend looks like,"gym in the morning, relaxing the rest of the day",One thing I will always make time for is,being present,Someone thoughtful and emotionally mature.,1;2;4;5,CSE;CSE;MECH;CIVIL,Male;Female,Minimalist;Planner
Yash,yash.59@campus.edu,2,MECH,16-05-2006,Female,161,Day Scholar,Can quote movies more than I can quote facts.,Theatre;Psychology;Photography,The one topic I never get bored of is,movies and TV recommendations,Something I am learning to unlearn is,taking things too personally,Mutual curiosity and respect.,2;3;1;4,MECH;CSE;CSE;IT,Male;Female,Tea Lover;Extrovert;Introvert;Meditative
Pooja,pooja.60@campus.edu,1,IT,29-06-2000,Female,154,Day Scholar,I run on caffeine and chaotic energy.,Astronomy;History;Dance,The one topic I never get bored of is,why people are the way they are,Something I am learning to unlearn is,assuming the worst,Mutual curiosity and respect.,4,CSE;CHEM,Female;Male,Tea Lover;Minimalist;Night Owl;Extrovert
Riya,riya.61@campus.edu,3,CSE,17-07-2005,Female,152,Day Scholar,Looking for someone to share hoodies with.,Volunteering;Sports;Art;Travel;Photography;Coding,My ideal weekend looks like,"beach, sun, and zero responsibilities",I instantly admire people who,show up consistently,Someone comfortable being themselves.,4;3,CSE,Male,Planner;Meditative;Gym Regular;Night Owl
Arjun,arjun.62@campus.edu,2,ECE,11-05-2004,Female,175,Hostel,"Amateur stargazer, professional dreamer.",Cooking;Gaming;Psychology;Dance,A random fact about me is,I've watched the same comfort movie at least 5 times,Something I am learning to unlearn is,trying to control everything,A genuine connection without expectations.,1,CSE;MECH;EEE;CIVIL,Female;Male,Planner;Night Owl;Minimalist
Sanya,sanya.63@campus.edu,3,BME,15-12-2000,Male,179,Hostel,I binge-watch and pretend I’m productive.,Coding;Volunteering;Theatre;Yoga,Something I value deeply is,growth - I don't wanna stay the same forever,Something I am learning to unlearn is,downplaying my feelings,Someone thoughtful and emotionally mature.,3;1;4;5,BME;CSE;CHEM;IT,Male,Extrovert;Spontaneous;Tea Lover
Dev,dev.64@campus.edu,5,CIVIL,19-08-2005,Male,193,Hostel,"Slightly awkward, mostly charming.",Music;Movies;Sports,The one topic I never get bored of is,random internet deep dives,I feel most myself when,laughing at my own jokes,Mutual curiosity and respect.,2;4;3,EEE;CIVIL,Male,Minimalist;Spontaneous;Meditative;Introvert
Kavya,kavya.65@campus.edu,3,IT,21-09-2006,Male,192,Hostel,I like long naps and even longer talks.,Gaming;Photography;Finance,The one topic I never get bored of is,astrology (Even if I pretend to not believe it),I instantly admire people who,are passionate about something,A genuine connection without expectations.,4,CIVIL;BME;MECH,Female;Male,Gym Regular;Early Bird
Tanvi,tanvi.66@campus.edu,3,BME,04-12-2005,Female,177,Hostel,Sandwich aficionado and meme enthusiast.,Startups;Coding;Fashion;Debate;Theatre,Lately I've been thinking about,moving to a new city,I feel most myself when,napping in impossible solutions,A genuine connection without expectations.,4;5;3;1,IT;MECH;EEE,Female,Tea Lover;Minimalist
Maya,maya.67@campus.edu,4,IT,18-11-2006,Male,181,Hostel,"I overanalyze, then make memes about it.",Travel;Reading;History;Finance;Fashion;Cooking,Lately I've been thinking about,saying yes more often,One thing I will always make time for is,"movement, in any form",Someone comfortable being themselves.,5;1;3;2,CSE,Female;Male,Planner;Spontaneous
Meera,meera.68@campus.edu,3,CIVIL,22-12-2005,Male,162,Day Scholar,"Road trip planner, snack strategist.",Gaming;Travel;Cooking;Reading;Movies,Lately I've been thinking about,saying no more often,I instantly admire people who,make others feel comfortable,A genuine connection without expectations.,4,IT;CSE,Male,Minimalist;Night Owl;Coffee Lover
Sneha,sneha.69@campus.edu,3,CHEM,27-06-2005,Male,179,Day Scholar,"I dance like nobody’s watching, but secretly hope they are.",Finance;Poetry;Gym;Gaming,My ideal weekend looks like,being productive early so I can fully relax later,I feel most myself when,humming random songs out loud,Someone comfortable being themselves.,3;4,IT;MECH,Female;Male,Night Owl;Early Bird;Planner;Introvert
Rahul,rahul.70@campus.edu,2,CIVIL,20-09-2002,Male,186,Hostel,"I like sarcasm, bad puns, and good pizza.",Music;History;Travel,The one topic I never get bored of is,philosophy and big life questions,I instantly admire people who,are honest and gentle,Mutual curiosity and respect.,1;5,BME;MECH;EEE;CHEM,Male,Coffee Lover;Spontaneous;Maximalist
Kabir,kabir.71@campus.edu,2,MECH,10-08-2003,Male,168,Day Scholar,"Aspiring minimalist, hoarder of memories.",Anime;Yoga;Finance;Travel;Movies,A random fact about me is,I keep a list of restaurants that I want to try,I feel most myself when,being late but making it look casual,Someone comfortable being themselves.,3;4;2,CHEM;CIVIL,Male,Night Owl;Early Bird;Gym Regular
Dev,dev.72@campus.edu,3,MECH,07-09-1999,Female,175,Hostel,I pet dogs more than people.,Movies;Anime;Photography;Debate;Sports;Startups,My ideal weekend looks like,hosting friends and cooking for everyone,Something I am learning to unlearn is,filling silence unnecessarily,Someone thoughtful and emotionally mature.,3;1;2;5,IT;CSE;CSE;BME,Female,Extrovert;Meditative;Planner;Spontaneous
Ira,ira.73@campus.edu,3,CSE,11-02-2001,Male,177,Day Scholar,Collector of quirky mugs and random thoughts.,Photography;Sports;Psychology;Gaming;Poetry;Coding,Something I value deeply is,communication over guessing games,I instantly admire people who,aren't afraid to grow,People who enjoy growth and honesty.,4,CIVIL;BME;IT;CHEM,Female;Male,Night Owl;Planner;Minimalist;Spontaneous
Riya,riya.74@campus.edu,3,CSE,03-08-2005,Male,163,Day Scholar,"Can nap anywhere, anytime.",Finance;Startups;Photography,A random fact about me is,I'm an early riser pretending to be a night owl,One thing I will always make time for is,music,A genuine connection without expectations.,5;1;3,MECH;EEE;IT;CSE,Female,Meditative;Minimalist
Sneha,sneha.75@campus.edu,1,CHEM,10-12-2002,Male,183,Day Scholar,"I’ll steal your fries, but you can keep the pizza.",Yoga;History;Psychology;Cooking;Dance;Coding,Something I value deeply is,"honesty, even when it's uncomfortable",I instantly admire people who,are kind ,People who enjoy growth and honesty.,1,CHEM;ECE;EEE,Female;Male,Tea Lover;Maximalist;Meditative
Maya,maya.76@campus.edu,2,MECH,17-07-2005,Female,181,Hostel,"Sarcastic, sweet, and slightly dramatic.",Gaming;Finance;Cooking,The one topic I never get bored of is,pop culture,I instantly admire people who,are comfortable being themselves,Someone comfortable being themselves.,5;1;2;3,MECH;BME,Female,Tea Lover;Planner
Nisha,nisha.77@campus.edu,3,CHEM,28-03-2003,Male,165,Day Scholar,My hobbies include overthinking and over-snacking.,Art;Coding;Travel;Volunteering,Something I value deeply is,time - how we spend it really matters,I feel most myself when,I'm sharing food,A genuine connection without expectations.,4;5;3;2,BME;ECE;IT,Male,Early Bird;Tea Lover;Meditative
Aryan,aryan.78@campus.edu,2,ECE,02-05-1999,Male,184,Day Scholar,I can cook minute rice in 58 seconds.,Cooking;Anime;Theatre;Volunteering,Lately I've been thinking about,my future self and what they'd thank me for,One thing I will always make time for is,small joys,People who enjoy growth and honesty.,4,ECE,Female,Gym Regular;Maximalist;Early Bird
Meera,meera.79@campus.edu,1,IT,14-02-2004,Male,168,Day Scholar,"I’ll judge your playlist, then make my own.",Finance;Fashion;Yoga;Reading;Anime;Photography,My ideal weekend looks like,a mix of social time and alone time,A green flag for me is,knowing when to be serious,People who enjoy growth and honesty.,4,BME;CHEM,Female;Male,Planner;Early Bird;Extrovert
Maya,maya.80@campus.edu,2,CIVIL,09-10-2004,Female,179,Hostel,"Love thunderstorms, coffee, and awkward moments.",Gym;Anime;Astronomy;Reading;Debate;Travel,Something I value deeply is,humor during hard times,A green flag for me is,actually liking me back,People who enjoy growth and honesty.,3;4;2,CIVIL;CSE,Female;Male,Early Bird;Gym Regular;Spontaneous;Coffee Lover
Meera,meera.81@campus.edu,2,CHEM,27-07-2005,Male,177,Hostel,I’m a fan of spontaneous adventures and planned chaos.,Travel;Gaming;Theatre;History;Debate,Something I value deeply is,emotional intelligence,I feel most myself when,laughing at a joke,Mutual curiosity and respect.,3,IT;ECE;CSE;BME,Female,Spontaneous;Introvert;Planner
Tanvi,tanvi.82@campus.edu,5,CSE,09-03-2006,Male,188,Day Scholar,"Aspiring plant whisperer, dog trainer in training.",Poetry;Art;Startups;Reading,Something I value deeply is,mutual effort,I instantly admire people who,are confident and kind,Mutual curiosity and respect.,5;2;1,CHEM;IT,Male,Tea Lover;Extrovert;Introvert;Early Bird
Aryan,aryan.83@campus.edu,2,CHEM,03-04-2003,Female,148,Hostel,"Always cold, eternally hopeful.",Fashion;Cooking;Theatre,A random fact about me is,I'm allergic to cats but I still love them,I instantly admire people who,can laugh at themselves,Mutual curiosity and respect.,5,CHEM;ECE;CIVIL,Female;Male,Minimalist;Maximalist;Coffee Lover
Sneha,sneha.84@campus.edu,4,IT,10-04-2003,Female,188,Hostel,"My life goal: travel, laugh, eat, repeat.",Finance;Photography;Yoga,Lately I've been thinking about,building deeper friendships,I instantly admire people who,don't take life too seriously,Mutual curiosity and respect.,2;3;1,CIVIL;CHEM,Female;Male,Early Bird;Extrovert;Coffee Lover
Vihaan,vihaan.85@campus.edu,2,MECH,05-10-2002,Female,169,Day Scholar,"Slightly geeky, very human.",Volunteering;Debate;Startups,The one topic I never get bored of is,history facts,One thing I will always make time for is,quality time,People who enjoy growth and honesty.,5;2;4;3,CIVIL;CSE;MECH;CSE,Male;Female,Coffee Lover;Planner
Varun,varun.86@campus.edu,4,IT,02-10-2006,Male,165,Day Scholar,"I will make you laugh, probably at my own expense.",Theatre;Travel;Anime;Debate;Coding,Something I value deeply is,curiosity about the world,I feel most myself when,I insult you for your height,People who enjoy growth and honesty.,1;2,IT,Female,Maximalist;Planner;Night Owl
Aditi,aditi.87@campus.edu,2,IT,31-08-2000,Female,190,Hostel,Collector of tiny joys and loud laughs.,Yoga;Gym;Psychology;Theatre,A random fact about me is,I once booked a flight by accident and just went with it,A green flag for me is,not making things complicated,Someone comfortable being themselves.,3;5,MECH;EEE;CIVIL,Male,Extrovert;Early Bird;Coffee Lover
Kavya,kavya.88@campus.edu,1,EEE,20-03-1999,Male,177,Day Scholar,"Can cry over movies, books, and occasionally cereal ads.",History;Photography;Art;Reading;Startups;Fashion,Something I value deeply is,feelig safe being myself around people,Something I am learning to unlearn is,"thinking I'm ""behind""",Mutual curiosity and respect.,3;2;5,EEE,Male;Female,Minimalist;Maximalist
Arjun,arjun.89@campus.edu,3,ECE,07-03-2006,Female,175,Hostel,"I like books, dogs, and people who laugh at bad jokes.",Gym;Music;Startups;Dance;Coding;Fashion,The one topic I never get bored of is,books and reading lists,I feel most myself when,we cook together,Mutual curiosity and respect.,3,CIVIL;EEE,Female,Extrovert;Minimalist
Aditi,aditi.90@campus.edu,4,MECH,22-06-2002,Female,177,Hostel,I’m good at overthinking and making pasta.,Finance;Gym;Debate;Dance;Theatre;Cooking,A random fact about me is,I will steal your fries,A green flag for me is,emotional literacy,A genuine connection without expectations.,2;5,IT;CHEM,Female;Male,Planner;Early Bird
Riya,riya.91@campus.edu,4,CSE,03-10-2006,Male,160,Hostel,"Life is short, eat dessert first.",History;Dance;Theatre,A random fact about me is,I always google things I already kind of know,I feel most myself when,walking with you,People who enjoy growth and honesty.,1;5;4,MECH,Female;Male,Gym Regular;Coffee Lover
Nisha,nisha.92@campus.edu,5,BME,03-12-2005,Female,149,Day Scholar,Sarcasm is my love language.,Astronomy;Yoga;Fashion;Sports;Gaming,My ideal weekend looks like,no alarms and no rush,Something I am learning to unlearn is,saying yes out of habit,A genuine connection without expectations.,4;1;2,CIVIL;BME,Female;Male,Coffee Lover;Maximalist
Neil,neil.93@campus.edu,3,MECH,29-11-2005,Male,161,Day Scholar,Can sleep anywhere but will never sleep on fun.,Cooking;Music;Sports;Photography;Startups;Dance,Lately I've been thinking about,how everyone's kind of figuring it out as they go,A green flag for me is,no mixed signals,A genuine connection without expectations.,4,IT;EEE,Female;Male,Tea Lover;Night Owl;Gym Regular;Spontaneous
Ishaan,ishaan.94@campus.edu,2,IT,02-12-2006,Female,150,Hostel,I’ll trade you memes for a coffee date.,Theatre;Volunteering;Cooking;Reading;Art;Debate,Something I value deeply is,being able to be weird without explaining myself,I instantly admire people who,match energy,Mutual curiosity and respect.,2;5;4,MECH;CSE;IT;EEE,Female,Coffee Lover;Maximalist
Meera,meera.95@campus.edu,2,BME,18-12-2005,Male,165,Hostel,Can overthink anything but make it fun.,Sports;Gaming;Volunteering;Startups;Gym,Something I value deeply is,good communication and better vibes,One thing I will always make time for is,mental health,Someone comfortable being themselves.,3;5,MECH;CHEM,Female;Male,Meditative;Maximalist;Night Owl
Siddharth,siddharth.96@campus.edu,1,CHEM,26-05-2004,Male,156,Day Scholar,I plan trips that never happen.,Coding;Gym;Yoga,Lately I've been thinking about,romanticizing the small stuff,A green flag for me is,peaceful energy,Someone comfortable being themselves.,5,CHEM;EEE,Male;Female,Night Owl;Early Bird
Kabir,kabir.97@campus.edu,2,EEE,16-05-2002,Male,181,Day Scholar,I’ll make you playlists you didn’t know you needed.,Cooking;Gym;Photography;Travel;Music,Lately I've been thinking about,"doing less, but better",I instantly admire people who,are curious about others,People who enjoy growth and honesty.,1;2;3;5,EEE;IT,Female,Tea Lover;Night Owl;Early Bird
Siddharth,siddharth.98@campus.edu,5,BME,21-08-2005,Male,194,Day Scholar,"Slightly nerdy, mostly chill.",Photography;Reading;Theatre;Debate,The one topic I never get bored of is,human behavior,Something I am learning to unlearn is,over-apologizing,A genuine connection without expectations.,1;2;4;3,CSE,Male;Female,Meditative;Night Owl;Early Bird
Isha,isha.99@campus.edu,4,BME,20-03-2002,Male,163,Hostel,"My Spotify says I’m dramatic, I say accurate.",Startups;Volunteering;Dance;Cooking;Travel,Lately I've been thinking about,where I want to be this time of the year,A green flag for me is,remembering every small detail,Someone comfortable being themselves.,5,IT,Female,Spontaneous;Minimalist;Early Bird
Yash,yash.100@campus.edu,1,IT,24-03-2001,Female,156,Day Scholar,Will judge your karaoke but secretly join in.,Gaming;Yoga;Debate;Poetry;Astronomy,My ideal weekend looks like,comfort clothes and comfort food,Something I am learning to unlearn is,assuming I'm asking for too much,Someone comfortable being themselves.,4,CSE;IT,Female;Male,Early Bird;Extrovert
Arjun,arjun.101@campus.edu,5,CHEM,25-04-2002,Female,156,Hostel,I have a talent for losing pens and finding snacks.,Photography;Cooking;Travel;Movies,Something I value deeply is,people who mean what they say,A green flag for me is,asking questions back,Someone thoughtful and emotionally mature.,5;2,CHEM;BME,Male;Female,Tea Lover;Coffee Lover;Extrovert;Early Bird
Tanvi,tanvi.102@campus.edu,5,EEE,30-07-2004,Male,162,Day Scholar,Can nap in a moving car and still be tired.,Finance;Movies;Anime;Music,Lately I've been thinking about,how much rest is underrated,I feel most myself when,textiing people I like,People who enjoy growth and honesty.,4;5;3,EEE,Male;Female,Introvert;Night Owl;Planner;Early Bird
Aarav,aarav.103@campus.edu,2,CIVIL,19-06-2006,Female,155,Day Scholar,Lover of awkward hugs and heartfelt conversations.,Gaming;Cooking;Music;Travel;Astronomy;Photography,Something I value deeply is,effort - even the small stuff,I feel most myself when,doing something spontaneous with someone else,A genuine connection without expectations.,1;5,CSE,Male,Planner;Minimalist;Early Bird;Introvert
Tanvi,tanvi.104@campus.edu,5,IT,21-09-2001,Male,172,Hostel,I laugh at my own jokes so you don’t have to.,Reading;Gym;Dance;Astronomy;Psychology;Finance,The one topic I never get bored of is,late-night thoughts,I instantly admire people who,are fun without being loud,People who enjoy growth and honesty.,4;3;1;5,CSE;CIVIL;EEE,Male;Female,Meditative;Planner;Introvert;Extrovert
Aditya,aditya.105@campus.edu,3,BME,04-04-1999,Female,150,Hostel,"Dog walker by day, dreamer by night.",Astronomy;Cooking;Startups;History;Volunteering;Theatre,Lately I've been thinking about,saying what I mean more often,I instantly admire people who,make effort feel easy,Mutual curiosity and respect.,4,BME;CHEM,Female;Male,Extrovert;Maximalist
Asmita,asmita.106@campus.edu,3,IT,10-09-2003,Female,153,Day Scholar,"My life motto: eat, sleep, adventure, repeat.",Startups;Fashion;Gaming,The one topic I never get bored of is,random fun facts,One thing I will always make time for is,a walk when I need one,Mutual curiosity and respect.,3;4;5,IT;BME;ECE,Male,Coffee Lover;Introvert;Spontaneous;Maximalist
Meghana,meghana.107@campus.edu,3,IT,24-02-1999,Female,174,Day Scholar,"Slightly clumsy, entirely lovable.",Travel;Finance;Movies;Gaming;Music;Yoga,Lately I've been thinking about,enjoying the present more,I instantly admire people who,are secure in who they are,Someone thoughtful and emotionally mature.,3;4;5,ECE;IT,Male,Coffee Lover;Spontaneous
Aditya,aditya.108@campus.edu,3,BME,22-09-2001,Female,179,Day Scholar,I’ll teach you sarcasm if you teach me patience.,Poetry;Fashion;Psychology;Sports;Gaming,The one topic I never get bored of is,what makes people tick,Something I am learning to unlearn is,needing external validation,Mutual curiosity and respect.,4;3;2;5,CHEM;IT;CSE,Male;Female,Minimalist;Spontaneous;Night Owl
Aditi,aditi.109@campus.edu,2,CHEM,19-09-2003,Female,152,Day Scholar,"Coffee first, questions later.",Yoga;Gym;Travel,My ideal weekend looks like,laughing until it's late,One thing I will always make time for is,"fun, no matter how busy I am",People who enjoy growth and honesty.,1,IT,Male,Maximalist;Spontaneous;Meditative
Kabir,kabir.110@campus.edu,3,CSE,21-06-2000,Female,176,Day Scholar,Will make you a sandwich and a terrible joke.,Photography;Astronomy;Gym;Psychology,Lately I've been thinking about,letting connections grow naturally,Something I am learning to unlearn is,overthinking texts,A genuine connection without expectations.,2;5;1,CHEM;EEE;IT,Male;Female,Extrovert;Maximalist
Arjun,arjun.111@campus.edu,2,BME,16-07-2005,Female,171,Day Scholar,Beach bum and occasional mountain climber.,History;Reading;Coding,Lately I've been thinking about,new beginnings,A green flag for me is,laughing easily,Someone thoughtful and emotionally mature.,1,CSE;BME,Female;Male,Maximalist;Early Bird;Extrovert;Tea Lover
Aditya,aditya.112@campus.edu,2,CHEM,23-11-2001,Female,169,Hostel,I’ll laugh at your dad jokes and cry at rom-coms.,Startups;Reading;Volunteering,Something I value deeply is,someone who gets me,I instantly admire people who,hype people up,Someone comfortable being themselves.,3;5;4,CSE,Male;Female,Maximalist;Coffee Lover;Introvert;Meditative
Varun,varun.113@campus.edu,5,ECE,27-03-2004,Male,176,Hostel,"Collector of socks, memories, and bad puns.",Art;Psychology;Astronomy;Reading;Travel;Dance,My ideal weekend looks like,game nights,I instantly admire people who,aren't afraid to be a little weird,Someone thoughtful and emotionally mature.,1;5,CSE;IT;EEE,Male,Maximalist;Introvert
Aarav,aarav.114@campus.edu,2,CSE,25-12-1999,Female,156,Day Scholar,My life is a series of awkward moments and snacks.,Movies;Anime;Yoga;History;Dance;Poetry,The one topic I never get bored of is,life updates,I feel most myself when,laughing way too much,A genuine connection without expectations.,3;1;5;2,CIVIL;CHEM;IT,Female,Night Owl;Meditative;Tea Lover
Varun,varun.115@campus.edu,3,CIVIL,05-05-2005,Male,156,Day Scholar,"Always cold, never boring.",Yoga;Art;Dance;Reading;Psychology;Music,My ideal weekend looks like,long walks and talks,A green flag for me is,owning mistakes,A genuine connection without expectations.,1;5,MECH,Male,Early Bird;Minimalist;Meditative
Sneha,sneha.116@campus.edu,3,IT,21-11-2005,Female,161,Day Scholar,"I make playlists, take naps, and overthink.",Debate;Startups;Art;Astronomy;History;Travel,A random fact about me is,I'm the planner friend,A green flag for me is,showing effort without being asked,Mutual curiosity and respect.,3;5,EEE;CIVIL;IT;BME,Female,Spontaneous;Coffee Lover;Minimalist
Varun,varun.117@campus.edu,5,CHEM,15-10-2004,Male,159,Hostel,"Will try any food once, except for pineapple on pizza.",Coding;Gaming;Finance;Astronomy,A random fact about me is,I bring snacks anywhere I go,I feel most myself when,staying up too late talking to someone,Someone thoughtful and emotionally mature.,1;2;5,EEE;ECE,Male,Coffee Lover;Extrovert
Siddharth,siddharth.118@campus.edu,5,EEE,02-12-1999,Female,167,Day Scholar,"Slightly sarcastic, highly caffeinated.",Coding;Movies;Sports,Something I value deeply is,good energy,I instantly admire people who,ask good questions,Someone thoughtful and emotionally mature.,2;3;1;4,CIVIL;CHEM;IT,Male,Introvert;Meditative;Night Owl;Coffee Lover
Kavya,kavya.119@campus.edu,3,IT,09-12-2001,Female,162,Day Scholar,I have a minor obsession with dog videos.,Gaming;Cooking;Dance;Startups;Travel,The one topic I never get bored of is,movies and shows,A green flag for me is,matching energy,Mutual curiosity and respect.,5;3,CSE;MECH;CSE,Female,Tea Lover;Meditative;Extrovert
Ananya,ananya.120@campus.edu,3,CHEM,25-05-2006,Male,152,Hostel,"Amateur painter, professional overthinker.",Astronomy;Finance;Art;History,The one topic I never get bored of is,deep conversations,Something I am learning to unlearn is,expecting perfection from myself,Someone thoughtful and emotionally mature.,2;1;5,IT;CHEM;ECE;CSE,Female;Male,Extrovert;Planner
Ishaan,ishaan.121@campus.edu,2,IT,22-10-2001,Female,188,Day Scholar,I can quote movies but not math formulas.,Music;Gaming;Theatre;Reading;Photography;Psychology,Something I value deeply is,feeling understood,I feel most myself when,I'm people watching,Mutual curiosity and respect.,1;4;2,EEE;IT;CIVIL,Female,Coffee Lover;Spontaneous;Night Owl;Extrovert
Kabir,kabir.122@campus.edu,1,CSE,25-09-2006,Male,182,Day Scholar,"Dog lover, coffee enthusiast, meme collector.",Reading;History;Gym;Finance;Photography;Volunteering,A random fact about me is,I'm either very quiet or very talkative,I instantly admire people who,keep it real,Someone thoughtful and emotionally mature.,4;3;5;2,CIVIL;IT,Male,Maximalist;Planner
Rahul,rahul.123@campus.edu,3,MECH,05-05-2003,Male,172,Hostel,Life is too short for bad coffee and boring conversations.,Movies;Poetry;Dance;Debate;Art;Startups,A random fact about me is,I love comfort routines,A green flag for me is,being comfortable with silence,People who enjoy growth and honesty.,2;3;1;5,IT;MECH,Female,Spontaneous;Coffee Lover;Meditative
Kavya,kavya.124@campus.edu,3,ECE,11-06-2002,Female,150,Day Scholar,"I’ll pet your dog, steal your fries, and tell a joke.",Yoga;Astronomy;Fashion;Theatre;Movies;Reading,A random fact about me is,I'm curious about everything,A green flag for me is,being secure,Someone comfortable being themselves.,2;5;3,MECH;CIVIL;IT,Male,Introvert;Night Owl
Maya,maya.125@campus.edu,1,CSE,10-04-2001,Female,163,Hostel,"Slightly awkward, extremely loyal.",Travel;Anime;Volunteering;Gaming;Theatre;Poetry,Lately I've been thinking about,making space for new people,One thing I will always make time for is,meaningful moments,Someone comfortable being themselves.,1;5;3,CHEM;CIVIL,Male;Female,Tea Lover;Minimalist;Gym Regular;Planner
Rohan,rohan.126@campus.edu,2,CHEM,05-09-2000,Female,165,Hostel,I laugh too loudly and cry at sunsets.,History;Coding;Startups;Sports;Art;Fashion,My ideal weekend looks like,one plan max,One thing I will always make time for is,good food,A genuine connection without expectations.,2;3;4;1,IT;CIVIL,Male,Coffee Lover;Extrovert;Minimalist;Planner
Tanvi,tanvi.127@campus.edu,1,CSE,16-05-2005,Female,163,Day Scholar,Will take you on a random adventure for fun.,Cooking;Theatre;Psychology;Anime;Finance,My ideal weekend looks like,late mornings,I instantly admire people who,have good vibes,Someone thoughtful and emotionally mature.,3,IT;CSE;BME;IT,Male;Female,Early Bird;Night Owl
Kabir,kabir.128@campus.edu,5,EEE,31-03-2005,Female,167,Hostel,"I have a playlist for every emotion, including confusion.",Movies;Travel;Poetry;Anime,Something I value deeply is,mutual interest,A green flag for me is,making plans and keeping them,Mutual curiosity and respect.,2;3;4;5,ECE;MECH;IT;BME,Male;Female,Gym Regular;Planner
Arjun,arjun.129@campus.edu,3,BME,04-02-2002,Female,159,Day Scholar,"Beach hair, don’t care; messy life, do care.",History;Travel;Finance,A random fact about me is,"I'm bad at choosing, good at vibes",I instantly admire people who,are calm under pressure,Someone comfortable being themselves.,2,CSE;EEE;ECE,Female,Introvert;Maximalist
Diya,diya.130@campus.edu,1,CSE,14-03-2000,Female,181,Day Scholar,"Aspiring cook, professional taste tester.",Travel;Astronomy;Anime,A random fact about me is,I'm better in person,Something I am learning to unlearn is,thinking discomfort means failure,A genuine connection without expectations.,3;4;2,IT;EEE;BME;CHEM,Female,Night Owl;Maximalist;Extrovert;Meditative
Kabir,kabir.131@campus.edu,4,MECH,27-08-2001,Female,172,Hostel,I like long naps and even longer walks.,Poetry;Movies;Psychology;Dance;Art,A random fact about me is,I take playlists seriously,I instantly admire people who,make things feel easy,Someone thoughtful and emotionally mature.,2;3;4;1,BME;CIVIL;IT,Male,Minimalist;Gym Regular;Night Owl
Aditi,aditi.132@campus.edu,2,MECH,16-04-2002,Female,182,Day Scholar,"Coffee addict, sarcasm enthusiast.",Volunteering;Startups;Debate,My ideal weekend looks like,staying in guilt-free,A green flag for me is,being honest even when it's awkward,Mutual curiosity and respect.,1,CIVIL;CHEM;EEE;MECH,Female,Coffee Lover;Spontaneous;Meditative
Arjun,arjun.133@campus.edu,1,MECH,03-06-2002,Female,166,Day Scholar,"I overthink, over-snack, and over-hug.",Yoga;History;Debate;Art;Photography;Reading,Something I value deeply is,feeling understood,One thing I will always make time for is,laughing way too hard,Someone comfortable being themselves.,5;2,CSE;CIVIL,Female,Meditative;Minimalist;Maximalist;Extrovert
Pooja,pooja.134@campus.edu,5,MECH,26-06-1999,Male,167,Day Scholar,"Collector of vinyls, plants, and awkward memories.",Poetry;Debate;Dance,A random fact about me is,I walk fast,A green flag for me is,treating people with respect,Someone comfortable being themselves.,1;5;4,IT;CSE,Male;Female,Coffee Lover;Meditative;Minimalist
Rahul,rahul.135@campus.edu,5,IT,27-06-2006,Male,185,Hostel,"Slightly dramatic, mostly fun.",Volunteering;Travel;Poetry,The one topic I never get bored of is,life stuff,I instantly admire people who,communicate instead of disappearing,People who enjoy growth and honesty.,5;2;1,CSE;EEE;BME;IT,Male,Gym Regular;Meditative;Night Owl;Planner
Rahul,rahul.136@campus.edu,1,CSE,12-04-2005,Male,172,Day Scholar,"I’ll make you laugh, cry, and question life in a good way.",Debate;Music;Psychology,Lately I've been thinking about,small wins,One thing I will always make time for is,late-night conversations,A genuine connection without expectations.,5;4;2;3,IT;CHEM,Male;Female,Tea Lover;Spontaneous
Nisha,nisha.137@campus.edu,2,EEE,17-06-2002,Female,166,Hostel,"Dog dad, snack strategist, playlist curator.",Finance;Sports;Music;Astronomy;Theatre;Reading,My ideal weekend looks like,good food,Something I am learning to unlearn is,thinking I have to do it all alone,People who enjoy growth and honesty.,2;4;3;1,ECE,Male,Gym Regular;Minimalist
Karthik,karthik.138@campus.edu,4,MECH,21-08-2004,Female,188,Day Scholar,Life’s better with bad jokes and good food.,Cooking;Debate;Coding;Anime;Photography;Finance,My ideal weekend looks like,chill vibes,A green flag for me is,sharing food,Mutual curiosity and respect.,5;2;1,IT,Male;Female,Tea Lover;Night Owl;Spontaneous
Riya,riya.139@campus.edu,5,MECH,09-03-2002,Male,166,Hostel,I pet every dog I see and talk to strangers’ cats.,Coding;Astronomy;Music;Photography,The one topic I never get bored of is,people's stories,One thing I will always make time for is,snacks,A genuine connection without expectations.,1,ECE;IT;IT,Female;Male,Early Bird;Extrovert
Kabir,kabir.140@campus.edu,2,CSE,18-01-2005,Female,194,Hostel,Sarcastic optimist seeking same.,Poetry;Psychology;Finance;Theatre;Coding,A random fact about me is,I text back…. Eventually,A green flag for me is,sending memes unprompted,A genuine connection without expectations.,4,EEE,Male,Planner;Tea Lover;Meditative;Minimalist
Neil,neil.141@campus.edu,3,CIVIL,22-09-1999,Female,162,Hostel,I can nap anywhere but never during fun.,Reading;Photography;Poetry;Movies;Anime;Yoga,My ideal weekend looks like,"no plans, good company",I instantly admire people who,know what they want,Someone thoughtful and emotionally mature.,1;5,CSE;ECE;IT;EEE,Male,Spontaneous;Planner;Extrovert;Maximalist
Aditi,aditi.142@campus.edu,2,CSE,01-02-2005,Male,187,Day Scholar,"Amateur traveler, professional overthinker.",Anime;Sports;Debate;Astronomy,My ideal weekend looks like,ending the night smiling,One thing I will always make time for is,a good playlist,A genuine connection without expectations.,5;3;1;2,CIVIL;MECH;IT;CSE,Male;Female,Spontaneous;Extrovert
Karthik,karthik.143@campus.edu,1,CSE,09-09-2002,Male,159,Day Scholar,"I’ll judge your taste in memes, gently.",Yoga;Travel;Startups;Movies;Photography,My ideal weekend looks like,one great memory,One thing I will always make time for is,catching up properly,Someone comfortable being themselves.,2;1,ECE;CSE,Male,Spontaneous;Minimalist;Maximalist
Aarav,aarav.144@campus.edu,2,BME,29-11-2005,Female,168,Day Scholar,"Slightly clumsy, totally genuine.",Debate;Finance;Startups;Dance;Music;History,Lately I've been thinking about,being more open,I feel most myself when,I'm procrastinating with style,Mutual curiosity and respect.,4;3;2,CSE;IT;ECE,Female,Gym Regular;Introvert
Aarav,aarav.145@campus.edu,5,MECH,01-04-2000,Female,152,Day Scholar,"I like adventure, snacks, and terrible puns.",Volunteering;Movies;History;Debate;Music;Cooking,A random fact about me is,I'm cute when I'm tired,One thing I will always make time for is,being present,Someone comfortable being themselves.,3,CSE;MECH;IT,Male,Extrovert;Coffee Lover;Early Bird;Night Owl
Ira,ira.146@campus.edu,2,BME,26-08-2000,Female,180,Day Scholar,Collector of awkward moments and random fun.,Gaming;Startups;Astronomy,Something I value deeply is,comfort over impressing,I feel most myself when,I'm making playlists for moods,People who enjoy growth and honesty.,4,IT,Male,Planner;Tea Lover
Aditya,aditya.147@campus.edu,2,CIVIL,21-09-2003,Female,169,Hostel,"I’ll steal your fries, but only after we laugh together.",Photography;Psychology;Yoga;Theatre;Finance;Astronomy,The one topic I never get bored of is,personality types,I feel most myself when,I'm overthinking texts I already sent,Someone thoughtful and emotionally mature.,2;4;1,CHEM;CSE,Male;Female,Introvert;Tea Lover;Night Owl;Coffee Lover
Aditi,aditi.148@campus.edu,1,IT,18-10-2006,Male,156,Hostel,Life’s too short for boring conversations and bad coffee.,Photography;Psychology;Coding;Reading;Volunteering,The one topic I never get bored of is,funny moments in life,I feel most myself when,I'm rearranging my space for no reason,A genuine connection without expectations.,4;3,EEE;CSE,Male;Female,Early Bird;Maximalist
Varun,varun.149@campus.edu,4,IT,03-04-2001,Male,180,Day Scholar,"Coffee in the morning, chaos at night, laughs all day.",Dance;Startups;Movies,Lately I've been thinking about,what real chemistry feels like,I instantly admire people who,are emotionally available,Someone comfortable being themselves.,2;5;3,CSE;ECE;IT;MECH,Male;Female,Coffee Lover;Maximalist;Planner
Kabir,kabir.150@campus.edu,5,CSE,04-07-2006,Male,170,Hostel,Coffee addict who secretly writes terrible poetry.,Gaming;Photography;Anime;Coding;Dance,Something I value deeply is,intentional energy,One thing I will always make time for is,small joys,Mutual curiosity and respect.,2,BME;CHEM;CSE;CIVIL,Male;Female,Coffee Lover;Maximalist;Gym Regular;Tea Lover
Pooja,pooja.151@campus.edu,3,CSE,09-02-2001,Female,180,Hostel,"Professional overthinker, amateur chef.",Yoga;Gaming;Debate;Music;Anime,Something I value deeply is,consistency,Something I am learning to unlearn is,believing I need to earn rest,Someone thoughtful and emotionally mature.,5;4;1,EEE;BME;IT;ECE,Male;Female,Planner;Maximalist;Gym Regular
Sanya,sanya.152@campus.edu,1,IT,01-04-2003,Male,183,Hostel,Fluent in sarcasm and movie quotes.,Sports;Reading;Travel;Yoga;Photography,My ideal weekend looks like,cozy but fun,I feel most myself when,I'm drinking my coffee,Someone comfortable being themselves.,1;5,CHEM;CIVIL,Male,Extrovert;Early Bird;Maximalist
Pooja,pooja.153@campus.edu,4,CHEM,06-01-2003,Female,169,Hostel,Looking for someone to argue about pizza toppings with.,Sports;Anime;Travel;Psychology;Coding,Lately I've been thinking about,trusting vibes,I instantly admire people who,make time,Someone comfortable being themselves.,1,ECE;CIVIL;CSE,Male;Female,Early Bird;Coffee Lover
Isha,isha.154@campus.edu,4,IT,01-03-2000,Female,186,Day Scholar,Collector of vinyls and random memories.,Dance;Music;Art;Photography,Something I value deeply is,showin up,One thing I will always make time for is,checking in on friends,People who enjoy growth and honesty.,5;3,BME;CIVIL,Male,Tea Lover;Introvert
Tanvi,tanvi.155@campus.edu,3,CIVIL,10-10-2003,Female,170,Hostel,"Dog dad, plant mom, snack enthusiast.",Volunteering;Astronomy;Psychology,Lately I've been thinking about,what makes me actually happy,A green flag for me is,being excited to be there,A genuine connection without expectations.,4;2;1;5,CSE;IT;BME,Male;Female,Coffee Lover;Gym Regular;Minimalist;Extrovert
Neil,neil.156@campus.edu,5,CSE,01-09-2004,Male,189,Day Scholar,I’ll challenge you in Mario Kart and lose on purpose.,Debate;History;Coding;Cooking;Fashion,Something I value deeply is,effort over words,One thing I will always make time for is,comfort routines,Someone thoughtful and emotionally mature.,4,MECH,Female,Extrovert;Spontaneous;Gym Regular
Kabir,kabir.157@campus.edu,2,ECE,13-11-2000,Female,162,Day Scholar,Always planning my next spontaneous trip.,Volunteering;Theatre;Finance;Reading;Coding,My ideal weekend looks like,no pressure plans,I instantly admire people who,are intentional,Someone thoughtful and emotionally mature.,4;2;1;3,ECE;EEE;CHEM;MECH,Male;Female,Gym Regular;Planner;Introvert
Arjun,arjun.158@campus.edu,1,CSE,08-11-2005,Male,171,Hostel,Lover of thunderstorms and quiet bookstores.,Sports;History;Coding;Travel;Yoga,The one topic I never get bored of is,big ideas and small details,One thing I will always make time for is,"fun, always",A genuine connection without expectations.,4,IT,Male;Female,Night Owl;Gym Regular
Ananya,ananya.159@campus.edu,1,MECH,18-11-2006,Male,150,Day Scholar,"Can make a mean guacamole, can’t parallel park.",Gaming;Travel;Theatre;Debate;Art;Dance,The one topic I never get bored of is,music recs,I instantly admire people who,are confident without ego,People who enjoy growth and honesty.,4,CSE,Female,Early Bird;Extrovert;Minimalist
Diya,diya.160@campus.edu,5,EEE,13-02-2001,Female,164,Hostel,Aspiring world traveler stuck in a 9–5.,Art;Music;History;Psychology,My ideal weekend looks like,"late nights, late mornings",I instantly admire people who,follow through,A genuine connection without expectations.,3;2,ECE,Male;Female,Meditative;Night Owl
Rohan,rohan.161@campus.edu,1,IT,11-08-2006,Female,157,Day Scholar,My plants survive because I talk to them.,Art;Coding;History;Fashion;Reading,The one topic I never get bored of is,comfort shows,I instantly admire people who,show interest clearly,Mutual curiosity and respect.,1,CIVIL;EEE,Male,Night Owl;Coffee Lover;Minimalist;Spontaneous
Rohan,rohan.162@campus.edu,1,EEE,23-04-2000,Female,157,Day Scholar,Professional binge-watcher seeking co-binger.,Fashion;Debate;Gym,The one topic I never get bored of is,nostalgia,Something I am learning to unlearn is,letting fear make decisions for me,People who enjoy growth and honesty.,2;4,CSE;MECH,Female,Tea Lover;Early Bird;Gym Regular
Zara,zara.163@campus.edu,3,ECE,23-09-2006,Male,182,Day Scholar,"Coffee in the morning, chaos at night.",Startups;Fashion;Volunteering;Photography;Debate,My ideal weekend looks like,"cancelling plans, respectfully",One thing I will always make time for is,"rest, unapologetically",Someone comfortable being themselves.,5,BME;IT;CSE,Female;Male,Planner;Coffee Lover;Meditative;Spontaneous
Ananya,ananya.164@campus.edu,1,CSE,22-12-2002,Female,168,Day Scholar,I own more books than furniture.,Movies;Finance;Reading;Debate,The one topic I never get bored of is,life philosophies at 1AM,One thing I will always make time for is,"food, over everything",Someone comfortable being themselves.,4,CSE;MECH,Male,Tea Lover;Minimalist
Ira,ira.165@campus.edu,5,CSE,25-05-1999,Male,167,Hostel,Can’t dance but will do it anyway.,Photography;Psychology;Reading;Cooking;Sports,The one topic I never get bored of is,photo aesthetics,I instantly admire people who,are honest about their feelings,Someone comfortable being themselves.,1,MECH;ECE;CIVIL,Male,Extrovert;Maximalist
Vihaan,vihaan.166@campus.edu,5,CSE,29-06-2006,Female,164,Day Scholar,My dog thinks I’m cooler than I am.,Finance;Poetry;Dance;Movies,A random fact about me is,I want to work at Wall Street,I feel most myself when,I'm eating dosa,People who enjoy growth and honesty.,5,CHEM;CSE,Male,Extrovert;Spontaneous;Gym Regular;Meditative
Riya,riya.167@campus.edu,5,CHEM,05-02-2000,Female,182,Day Scholar,Sarcastic optimist looking for the same.,Finance;Gym;Sports;Photography;Yoga,Lately I've been thinking about,finding a yoga partner,I instantly admire people who,bring consistency,People who enjoy growth and honesty.,2,CIVIL,Male;Female,Coffee Lover;Maximalist;Tea Lover
Arjun,arjun.168@campus.edu,4,MECH,24-02-2003,Female,159,Hostel,Pancake connoisseur and Netflix critic.,History;Sports;Astronomy;Photography,A random fact about me is,I believe the French revolution was unnecessary,I instantly admire people who,handle emotions well,Someone comfortable being themselves.,1;5,MECH;CHEM,Male,Extrovert;Night Owl;Coffee Lover
Aryan,aryan.169@campus.edu,5,CSE,12-11-2004,Female,187,Day Scholar,I judge people by their playlist.,Sports;Photography;Theatre;Startups;Coding;History,Lately I've been thinking about,how the college should have a play about Julius Caesar,Something I am learning to unlearn is,shrinking myself to be liked,Mutual curiosity and respect.,4;5;1,IT;EEE;BME,Male,Introvert;Spontaneous;Tea Lover;Coffee Lover
Neil,neil.170@campus.edu,4,CHEM,11-07-2004,Female,187,Hostel,"Sometimes I’m quiet, sometimes I’m loud; usually both.",Cooking;Photography;Art,Lately I've been thinking about,a nice meal to cook for someone,I feel most myself when,I'm scrolling memes that I have seen before,People who enjoy growth and honesty.,2;1;4;5,EEE;CSE,Male,Spontaneous;Introvert;Gym Regular;Coffee Lover
Zara,zara.171@campus.edu,4,EEE,26-09-1999,Female,164,Hostel,Leftover pizza is my love language.,Volunteering;Debate;History;Astronomy,The one topic I never get bored of is,food opinions,One thing I will always make time for is,random plans that turn into memories,Someone comfortable being themselves.,4;5;3;2,CSE;CIVIL;ECE,Male,Coffee Lover;Gym Regular
Aditi,aditi.172@campus.edu,1,CHEM,21-06-2001,Female,170,Hostel,I’ll steal your fries but protect you from spiders.,Photography;Movies;Art;Anime;Dance;Gaming,The one topic I never get bored of is,pop culture debates,I feel most myself when,I'm planning trips that we never take,Someone comfortable being themselves.,4;3,IT;MECH;CHEM,Female,Maximalist;Gym Regular;Minimalist;Coffee Lover
Nisha,nisha.173@campus.edu,1,CHEM,26-04-2005,Female,148,Day Scholar,Karaoke star in my shower.,Anime;Reading;Movies,The one topic I never get bored of is,internet chaos,Something I am learning to unlearn is,taking things too seriously,Someone comfortable being themselves.,2;1,IT;ECE,Male,Gym Regular;Night Owl;Introvert;Meditative
Maya,maya.174@campus.edu,1,CSE,29-01-2003,Female,188,Day Scholar,"Lowkey geek, highkey fun.",Gaming;Finance;Art;Poetry;Astronomy;Music,Lately I've been thinking about,saying yes to fun,One thing I will always make time for is,people who matter,Someone comfortable being themselves.,2;5,BME;MECH;CHEM;CSE,Female;Male,Gym Regular;Extrovert
Aditi,aditi.175@campus.edu,5,IT,26-10-2000,Male,194,Day Scholar,Collector of small adventures and big laughs.,Theatre;Photography;Reading;Cooking;Gym;Debate,The one topic I never get bored of is,funny pet stories,One thing I will always make time for is,vibes over schedules,A genuine connection without expectations.,4;2;3;1,IT,Female,Maximalist;Minimalist
Dev,dev.176@campus.edu,5,BME,24-05-2004,Female,156,Day Scholar,Will trade memes for genuine conversation.,Poetry;Theatre;Music,The one topic I never get bored of is,animal videos,I instantly admire people who,respect boundaries,Someone thoughtful and emotionally mature.,4;3;5;2,IT;IT;CSE,Male,Early Bird;Spontaneous;Minimalist;Gym Regular
Zara,zara.177@campus.edu,1,CHEM,20-12-2005,Male,162,Hostel,"I make terrible puns, accept them or leave.",Anime;Music;Finance;Dance;Movies;Theatre,My ideal weekend looks like,"sun out, phone ignored",I instantly admire people who,lead with kindness,A genuine connection without expectations.,4;5;1;3,CHEM;MECH;EEE;BME,Female;Male,Extrovert;Tea Lover;Early Bird
Aditya,aditya.178@campus.edu,4,CHEM,14-05-2001,Female,164,Day Scholar,"Always cold, emotionally warm.",Poetry;Cooking;Dance,The one topic I never get bored of is,listening to new recipes,One thing I will always make time for is,the group chat,People who enjoy growth and honesty.,5;1;2,MECH;CIVIL;ECE;EEE,Female,Early Bird;Planner;Coffee Lover;Maximalist
Maya,maya.179@campus.edu,1,MECH,02-05-2000,Male,182,Day Scholar,Dreaming of seeing the Northern Lights one day.,Art;Travel;Photography,The one topic I never get bored of is,fun travel stories,I feel most myself when,I'm eating cereal at midnight,Someone comfortable being themselves.,4,IT;BME;CSE;CSE,Male,Minimalist;Spontaneous;Night Owl
Arjun,arjun.180@campus.edu,2,EEE,07-02-1999,Female,180,Hostel,Fluent in emoji and dad jokes.,Music;Coding;Startups;Dance;History,The one topic I never get bored of is,how the Beatles were the biggest boyband in the world,one thing I will always make time for is,a good meal and better company,People who enjoy growth and honesty.,1,CSE,Male;Female,Early Bird;Minimalist;Meditative;Planner
Nisha,nisha.181@campus.edu,4,BME,21-01-2004,Female,175,Day Scholar,I like my coffee black and my humor dry.,Sports;Gaming;Music;Photography,Lately I've been thinking about,Manchester United,I instantly admire people who,show effort,People who enjoy growth and honesty.,4;2;3,CIVIL,Male;Female,Planner;Tea Lover;Spontaneous
Rohan,rohan.182@campus.edu,3,MECH,28-11-2004,Male,189,Hostel,Amateur astronomer and professional procrastinator.,Volunteering;Travel;Gym;Movies,My ideal weekend looks like,helping people at the shelter I volunteer at,I instantly admire people who,feel safe to be around,People who enjoy growth and honesty.,1;3;4;2,CHEM;IT;IT;EEE,Male,Extrovert;Planner;Early Bird;Tea Lover
Aditi,aditi.183@campus.edu,2,CSE,21-06-2006,Male,185,Day Scholar,Can survive on pizza and sarcasm.,History;Volunteering;Poetry;Yoga;Startups,My ideal weekend looks like,coding with cold coffee,I feel most myself when,I'm questioning life choices at 1AM,A genuine connection without expectations.,5;3;1;4,BME;CHEM;IT;EEE,Female;Male,Early Bird;Gym Regular;Planner
Nisha,nisha.184@campus.edu,5,MECH,26-12-1999,Male,163,Day Scholar,Seeking someone to share hoodies and secrets with.,Astronomy;Dance;Poetry;Music;Art,The one topic I never get bored of is,how libras and leos should definitely date,Something I am learning to unlearn is,replying instantly to everything,Mutual curiosity and respect.,3;4;2;1,BME;IT;EEE;CHEM,Male,Planner;Spontaneous;Meditative;Gym Regular
Dev,dev.185@campus.edu,2,CHEM,02-11-2006,Female,182,Hostel,I get attached to fictional characters.,History;Astronomy;Theatre;Art,The one topic I never get bored of is,how easy it is to start a war,A green flag for me is,saying thank you,Someone comfortable being themselves.,1;2,IT,Male;Female,Meditative;Coffee Lover;Gym Regular;Introvert
Zara,zara.186@campus.edu,5,IT,16-12-1999,Female,161,Hostel,Will take you on a food tour of my kitchen.,Dance;Debate;Cooking;Theatre;Sports,A random fact about me is,I am a Kathak dancer,I instantly admire people who,are nice to servers,Mutual curiosity and respect.,3;5;1;2,IT,Male,Meditative;Coffee Lover;Minimalist;Early Bird
Rahul,rahul.187@campus.edu,2,CSE,22-10-2005,Female,171,Hostel,My Spotify says I’m a mood swing.,Reading;Cooking;Volunteering;Theatre,Something I value deeply is,people who cook for me,One thing I will always make time for is,moments worth remembering,Mutual curiosity and respect.,5,BME;IT;CSE;MECH,Male,Minimalist;Spontaneous
Ira,ira.188@campus.edu,2,ECE,26-04-2004,Male,168,Day Scholar,I laugh at my own jokes so you don’t have to.,Dance;Yoga;Psychology,My ideal weekend looks like,a full on dance rehearsal,A green flag for me is,smiling a lot,Someone thoughtful and emotionally mature.,4;5;2;1,IT;EEE;IT;BME,Female;Male,Extrovert;Early Bird;Maximalist;Planner
Aditi,aditi.189@campus.edu,1,IT,28-04-2001,Female,161,Day Scholar,"Beach lover, mountain hiker, city explorer.",Astronomy;Finance;Debate;Dance,A random fact about me is,I love arguing,Something I am learning to unlearn is,feeling bad for needing alone time,Mutual curiosity and respect.,4;3,CSE,Male,Night Owl;Meditative;Coffee Lover
Ira,ira.190@campus.edu,5,CHEM,28-05-2006,Female,170,Hostel,Can cry over a movie and eat snacks at the same time.,Coding;Travel;Astronomy;Poetry;Cooking,Something I value deeply is,talking to you,One thing I will always make time for is,making ordinary days fun,A genuine connection without expectations.,1;4;5,CIVIL;MECH;IT;CSE,Male;Female,Spontaneous;Maximalist;Coffee Lover;Introvert
Varun,varun.191@campus.edu,4,EEE,12-01-2004,Female,155,Hostel,I write lists of lists I’ll never finish.,Fashion;Debate;Startups;Cooking;Reading,The one topic I never get bored of is,you,I feel most myself when,I'm laughing at my own chaos,People who enjoy growth and honesty.,4;2,CSE;EEE,Male;Female,Tea Lover;Gym Regular;Extrovert;Maximalist
Dev,dev.192@campus.edu,5,CSE,30-12-1999,Male,167,Hostel,"Sassy with strangers, soft with friends.",Debate;Art;Psychology;Fashion,A random fact about me is,I hate mornings,I feel most myself when,I'm talking to inanimate objects,A genuine connection without expectations.,1;2;4;3,IT;ECE,Male,Meditative;Spontaneous;Minimalist;Planner
Riya,riya.193@campus.edu,2,EEE,10-10-2002,Female,176,Hostel,Looking for someone to debate pineapple on pizza with.,Startups;Coding;Anime,Lately I've been thinking about,about how much I hate mornings,I feel most myself when,I'm losing arguments to my cat,Someone thoughtful and emotionally mature.,1;4;3,ECE;IT;EEE,Female,Night Owl;Extrovert;Tea Lover
Sanya,sanya.194@campus.edu,2,BME,17-06-2006,Female,154,Hostel,"My life motto: nap now, conquer later.",Fashion;Dance;Movies;Poetry,Lately I've been thinking about,the fashion state of the world,I instantly admire people who,return shopping carts,People who enjoy growth and honesty.,1;2,CIVIL;IT;EEE,Female;Male,Maximalist;Planner;Introvert
Maya,maya.195@campus.edu,3,BME,06-12-2005,Male,182,Day Scholar,I have a PhD in overthinking.,Astronomy;Finance;Coding;Movies;Travel,My ideal weekend looks like,stargazing,I feel most myself when,I'm pretending to be a chef,Someone comfortable being themselves.,3,IT;CSE,Female;Male,Maximalist;Early Bird;Meditative
Meera,meera.196@campus.edu,4,EEE,10-11-2005,Female,182,Day Scholar,I pet every dog I see.,Debate;History;Startups;Reading,Lately I've been thinking about,going to more MUNs,Something I am learning to unlearn is,trying to control vibes,Someone thoughtful and emotionally mature.,2;5;1,EEE;CSE,Male;Female,Extrovert;Tea Lover;Maximalist;Introvert
Isha,isha.197@campus.edu,5,ECE,28-02-2005,Female,158,Day Scholar,Let’s have deep conversations over bad coffee.,Poetry;Art;Travel;Startups,Something I value deeply is,someone who can appreciate art like me,A green flag for me is,clear interest,A genuine connection without expectations.,2;5;1;4,CHEM;CIVIL;IT;ECE,Male;Female,Maximalist;Extrovert;Spontaneous;Minimalist
Nisha,nisha.198@campus.edu,3,CSE,14-05-2005,Male,180,Hostel,Collector of inside jokes and funny memories.,Gaming;Theatre;Sports;Yoga;Art,My ideal weekend looks like,playing Fortnite at home,Something I am learning to unlearn is,comparing timelines,A genuine connection without expectations.,5;4;2,MECH,Male,Extrovert;Tea Lover;Minimalist;Maximalist
Ananya,ananya.199@campus.edu,4,CSE,03-04-2001,Male,152,Hostel,"Always hungry, sometimes motivated.",Volunteering;Gym;Dance;Fashion;Psychology,Lately I've been thinking about,cycling more,A green flag for me is,showing up,A genuine connection without expectations.,1;5,IT,Female,Meditative;Spontaneous;Minimalist;Night Owl
